,Sequence_1,Sequence_2,Sequence_3,Sequence_4,Sequence_5,Sequence_6
Sequence_1,,0.331267217630854,0.2324380165289256,0.4101239669421488,0.4383608815426997,0.37224517906336085
Sequence_2,0.331267217630854,,0.2537878787878788,0.5981404958677685,0.7196969696969697,0.8168044077134986
Sequence_3,0.2324380165289256,0.2537878787878788,,0.4962121212121212,0.28409090909090906,0.28787878787878785
Sequence_4,0.4101239669421488,0.5981404958677685,0.4962121212121212,,0.6108815426997245,0.5981404958677685
Sequence_5,0.4383608815426997,0.7196969696969697,0.28409090909090906,0.6108815426997245,,0.7892561983471075
Sequence_6,0.37224517906336085,0.8168044077134986,0.28787878787878785,0.5981404958677685,0.7892561983471075,
