,Sequence_1_frame1,Sequence_2_frame1,Sequence_3_frame1,Sequence_4_frame1,Sequence_5_frame1,Sequence_6_frame1
Sequence_1_frame1,,0.29330499468650373,0.13071200850159403,0.28905419766206164,0.35600425079702447,0.30393198724760895
Sequence_2_frame1,0.29330499468650373,,0.19447396386822524,0.5993623804463337,0.6928799149840594,0.7725823591923486
Sequence_3_frame1,0.13071200850159403,0.19447396386822524,,0.46227417640807655,0.21041445270988313,0.19872476089266733
Sequence_4_frame1,0.28905419766206164,0.5993623804463337,0.46227417640807655,,0.4824654622741764,0.5324123273113709
Sequence_5_frame1,0.35600425079702447,0.6928799149840594,0.21041445270988313,0.4824654622741764,,0.6875664187035069
Sequence_6_frame1,0.30393198724760895,0.7725823591923486,0.19872476089266733,0.5324123273113709,0.6875664187035069,
